Cidade,Curso,Grau,Turno,Vagas,Inscritos,year,Inscritos/Vagas
Angra dos reis,Geografia,Licenciatura,Noturno,40.0,328.0,2019,8.2
Angra dos reis,Pedagogia,Licenciatura,Noturno,41.0,714.0,2019,17.414634146341463
Angra dos reis,Pedagogia,Licenciatura,Vespertino,41.0,485.0,2019,11.829268292682928
Angra dos reis,Políticas públicas,Bacharelado,Noturno,40.0,507.0,2019,12.675
Campos dos goytacazes,Ciências econômicas,Bacharelado,Integral,130.0,1159.0,2019,8.915384615384616
Campos dos goytacazes,Ciências sociais,Bacharelado,Noturno,70.0,579.0,2019,8.271428571428572
Campos dos goytacazes,Ciências sociais,Licenciatura,Noturno,70.0,643.0,2019,9.185714285714285
Campos dos goytacazes,Geografia,Bacharelado,Vespertino,62.0,322.0,2019,5.193548387096774
Campos dos goytacazes,Geografia,Licenciatura,Noturno,63.0,407.0,2019,6.4603174603174605
Campos dos goytacazes,História,Bacharelado,Noturno,50.0,417.0,2019,8.34
Campos dos goytacazes,História,Licenciatura,Noturno,80.0,879.0,2019,10.9875
Campos dos goytacazes,Psicologia,Bacharelado,Integral,130.0,3454.0,2019,26.56923076923077
Campos dos goytacazes,Serviço social,Bacharelado,Noturno,120.0,1955.0,2019,16.291666666666668
Macaé,Administração,Bacharelado,Noturno,50.0,2119.0,2019,42.38
Macaé,Ciências contábeis,Bacharelado,Noturno,100.0,1085.0,2019,10.85
Macaé,Direito,Bacharelado,Integral,120.0,2678.0,2019,22.316666666666666
Niterói,Administração,Bacharelado,Noturno,80.0,2220.0,2019,27.75
Niterói,Antropologia,Bacharelado,Integral,62.0,798.0,2019,12.870967741935484
Niterói,Arquitetura e urbanismo,Bacharelado,Integral,74.0,548.0,2019,7.405405405405405
Niterói,Arquivologia,Bacharelado,Integral,80.0,1071.0,2019,13.3875
Niterói,Artes,Bacharelado,Integral,40.0,773.0,2019,19.325
Niterói,Biblioteconomia e documentação,Bacharelado,Integral,80.0,1055.0,2019,13.1875
Niterói,Biomedicina,Bacharelado,Integral,62.0,2288.0,2019,36.903225806451616
Niterói,Ciência ambiental,Bacharelado,Integral,40.0,563.0,2019,14.075
Niterói,Ciência da computação,Bacharelado,Integral,140.0,2122.0,2019,15.157142857142857
Niterói,Ciências atuariais,Bacharelado,Noturno,80.0,704.0,2019,8.8
Niterói,Ciências biológicas,Bacharelado,Integral,80.0,1613.0,2019,20.1625
Niterói,Ciências biológicas,Licenciatura,Integral,40.0,573.0,2019,14.325
Niterói,Ciências contábeis,Bacharelado,Noturno,90.0,1517.0,2019,16.855555555555554
Niterói,Ciências econômicas,Bacharelado,Matutino,100.0,1094.0,2019,10.94
Niterói,Ciências econômicas,Bacharelado,Noturno,100.0,1224.0,2019,12.24
Niterói,Ciências sociais,Bacharelado,Noturno,30.0,380.0,2019,12.666666666666666
Niterói,Ciências sociais,Bacharelado,Vespertino,30.0,224.0,2019,7.466666666666667
Niterói,Ciências sociais,Licenciatura,Noturno,30.0,355.0,2019,11.833333333333334
Niterói,Ciências sociais,Licenciatura,Vespertino,30.0,263.0,2019,8.766666666666667
Niterói,Cinema e audiovisual,Bacharelado,Integral,72.0,2539.0,2019,35.263888888888886
Niterói,Cinema e audiovisual,Licenciatura,Noturno,22.0,350.0,2019,15.909090909090908
Niterói,Comunicação social - publicidade e propaganda,Bacharelado,Integral,52.0,2776.0,2019,53.38461538461539
Niterói,Desenho industrial,Bacharelado,Integral,100.0,1017.0,2019,10.17
Niterói,Direito,Bacharelado,Integral,110.0,2710.0,2019,24.636363636363637
Niterói,Direito,Bacharelado,Noturno,110.0,3728.0,2019,33.89090909090909
Niterói,Educação física,Licenciatura,Integral,64.0,2442.0,2019,38.15625
Niterói,Enfermagem,Bacharelado,Integral,114.0,3501.0,2019,30.710526315789473
Niterói,Engenharia agrícola e ambiental,Bacharelado,Integral,100.0,1139.0,2019,11.39
Niterói,Engenharia civil,Bacharelado,Integral,90.0,1564.0,2019,17.377777777777776
Niterói,Engenharia de petróleo,Bacharelado,Integral,45.0,354.0,2019,7.866666666666666
Niterói,Engenharia de produção,Bacharelado,Integral,90.0,969.0,2019,10.766666666666667
Niterói,Engenharia de recursos hídricos e do meio ambiente,Bacharelado,Integral,100.0,731.0,2019,7.31
Niterói,Engenharia de telecomunicações,Bacharelado,Integral,90.0,582.0,2019,6.466666666666667
Niterói,Engenharia elétrica,Bacharelado,Integral,90.0,909.0,2019,10.1
Niterói,Engenharia mecânica,Bacharelado,Integral,90.0,1139.0,2019,12.655555555555555
Niterói,Engenharia química,Bacharelado,Integral,100.0,715.0,2019,7.15
Niterói,Estatística,Bacharelado,Integral,86.0,590.0,2019,6.8604651162790695
Niterói,Estudos de mídia,Bacharelado,Integral,60.0,901.0,2019,15.016666666666667
Niterói,Farmácia,Bacharelado,Integral,144.0,1669.0,2019,11.590277777777779
Niterói,Filosofia,Bacharelado,Matutino,56.0,665.0,2019,11.875
Niterói,Filosofia,Licenciatura,Matutino,56.0,791.0,2019,14.125
Niterói,Física,Bacharelado,Integral,50.0,304.0,2019,6.08
Niterói,Física,Licenciatura,Integral,50.0,227.0,2019,4.54
Niterói,Física,Licenciatura,Noturno,60.0,360.0,2019,6.0
Niterói,Geofisica,Bacharelado,Integral,42.0,380.0,2019,9.047619047619047
Niterói,Geografia,Bacharelado,Matutino,25.0,472.0,2019,18.88
Niterói,Geografia,Bacharelado,Noturno,25.0,323.0,2019,12.92
Niterói,Geografia,Licenciatura,Matutino,25.0,426.0,2019,17.04
Niterói,Geografia,Licenciatura,Noturno,25.0,329.0,2019,13.16
Niterói,História,Bacharelado,Matutino,10.0,199.0,2019,19.9
Niterói,História,Bacharelado,Noturno,10.0,209.0,2019,20.9
Niterói,História,Licenciatura,Matutino,94.0,1359.0,2019,14.457446808510639
Niterói,História,Licenciatura,Noturno,94.0,1627.0,2019,17.30851063829787
Niterói,Hotelaria,Tecnológico,Integral,50.0,454.0,2019,9.08
Niterói,Jornalismo,Bacharelado,Integral,52.0,1854.0,2019,35.65384615384615
Niterói,Letras - alemão,Bacharelado,Integral,6.0,29.0,2019,4.833333333333333
Niterói,Letras - alemão,Licenciatura,Integral,14.0,97.0,2019,6.928571428571429
Niterói,Letras - espanhol,Licenciatura,Noturno,35.0,242.0,2019,6.914285714285715
Niterói,Letras - francês,Bacharelado,Integral,10.0,53.0,2019,5.3
Niterói,Letras - francês,Licenciatura,Integral,25.0,119.0,2019,4.76
Niterói,Letras - grego,Bacharelado,Integral,7.0,40.0,2019,5.714285714285714
Niterói,Letras - grego,Licenciatura,Integral,18.0,150.0,2019,8.333333333333334
Niterói,Letras - inglês,Licenciatura,Noturno,35.0,395.0,2019,11.285714285714286
Niterói,Letras - italiano,Bacharelado,Noturno,6.0,39.0,2019,6.5
Niterói,Letras - italiano,Licenciatura,Noturno,14.0,154.0,2019,11.0
Niterói,Letras - latim,Licenciatura,Integral,25.0,169.0,2019,6.76
Niterói,Letras - português,Licenciatura,Integral,40.0,280.0,2019,7.0
Niterói,Letras - português,Licenciatura,Noturno,40.0,420.0,2019,10.5
Niterói,Matemática,Bacharelado,Matutino,40.0,412.0,2019,10.3
Niterói,Matemática,Licenciatura,Matutino,50.0,524.0,2019,10.48
Niterói,Matemática,Licenciatura,Noturno,70.0,933.0,2019,13.32857142857143
Niterói,Medicina,Bacharelado,Integral,180.0,13492.0,2019,74.95555555555555
Niterói,Medicina veterinária,Bacharelado,Integral,120.0,4590.0,2019,38.25
Niterói,Nutrição,Bacharelado,Integral,81.0,3179.0,2019,39.24691358024691
Niterói,Odontologia,Bacharelado,Integral,90.0,3101.0,2019,34.455555555555556
Niterói,Pedagogia,Licenciatura,Integral,160.0,3506.0,2019,21.9125
Niterói,Processos gerenciais,Tecnológico,Noturno,100.0,1592.0,2019,15.92
Niterói,Produção cultural,Bacharelado,Integral,72.0,1083.0,2019,15.041666666666666
Niterói,Psicologia,Bacharelado,Integral,100.0,5347.0,2019,53.47
Niterói,Química,Bacharelado,Integral,30.0,330.0,2019,11.0
Niterói,Química,Licenciatura,Integral,20.0,202.0,2019,10.1
Niterói,Química,Licenciatura,Noturno,30.0,406.0,2019,13.533333333333333
Niterói,Química industrial,Bacharelado,Integral,40.0,326.0,2019,8.15
Niterói,Relações internacionais,Bacharelado,Matutino,110.0,2399.0,2019,21.80909090909091
Niterói,Segurança pública,Bacharelado,Noturno,120.0,2193.0,2019,18.275
Niterói,Serviço social,Bacharelado,Noturno,110.0,1099.0,2019,9.99090909090909
Niterói,Serviço social,Bacharelado,Vespertino,55.0,421.0,2019,7.654545454545454
Niterói,Sistemas de informação,Bacharelado,Noturno,122.0,1711.0,2019,14.024590163934427
Niterói,Sociologia,Bacharelado,Noturno,56.0,449.0,2019,8.017857142857142
Niterói,Sociologia,Bacharelado,Vespertino,56.0,528.0,2019,9.428571428571429
Niterói,Turismo,Bacharelado,Integral,90.0,1035.0,2019,11.5
Nova friburgo,Biomedicina,Bacharelado,Integral,30.0,632.0,2019,21.066666666666666
Nova friburgo,Fonoaudiologia,Bacharelado,Integral,35.0,698.0,2019,19.942857142857143
Nova friburgo,Odontologia,Bacharelado,Integral,80.0,2222.0,2019,27.775
Petrópolis,Engenharia de produção,Bacharelado,Integral,100.0,478.0,2019,4.78
Rio das ostras,Ciência da computação,Bacharelado,Integral,70.0,877.0,2019,12.528571428571428
Rio das ostras,Enfermagem,Bacharelado,Integral,60.0,1941.0,2019,32.35
Rio das ostras,Engenharia de produção,Bacharelado,Integral,70.0,580.0,2019,8.285714285714286
Rio das ostras,Produção cultural,Bacharelado,Integral,70.0,744.0,2019,10.628571428571428
Rio das ostras,Psicologia,Bacharelado,Integral,80.0,2625.0,2019,32.8125
Rio das ostras,Serviço social,Bacharelado,Noturno,70.0,1606.0,2019,22.942857142857143
Santo antônio de pádua,Ciências naturais,Licenciatura,Noturno,50.0,276.0,2019,5.52
Santo antônio de pádua,Computação,Licenciatura,Integral,50.0,362.0,2019,7.24
Santo antônio de pádua,Física,Licenciatura,Noturno,50.0,83.0,2019,1.66
Santo antônio de pádua,Interdisciplinar em educação no campo,Licenciatura,Integral,120.0,160.0,2019,1.3333333333333333
Santo antônio de pádua,Matemática,Bacharelado,Noturno,50.0,280.0,2019,5.6
Santo antônio de pádua,Matemática,Licenciatura,Noturno,40.0,255.0,2019,6.375
Santo antônio de pádua,Pedagogia,Licenciatura,Noturno,50.0,583.0,2019,11.66
Volta redonda,Administração,Bacharelado,Noturno,120.0,1877.0,2019,15.641666666666667
Volta redonda,Administração pública,Bacharelado,Integral,42.0,575.0,2019,13.69047619047619
Volta redonda,Ciências contábeis,Bacharelado,Matutino,40.0,285.0,2019,7.125
Volta redonda,Ciências contábeis,Bacharelado,Noturno,80.0,989.0,2019,12.3625
Volta redonda,Direito,Bacharelado,Integral,80.0,2104.0,2019,26.3
Volta redonda,Engenharia de agronegócios,Bacharelado,Integral,88.0,561.0,2019,6.375
Volta redonda,Engenharia de materiais,Bacharelado,Integral,40.0,259.0,2019,6.475
Volta redonda,Engenharia de produção,Bacharelado,Integral,88.0,909.0,2019,10.329545454545455
Volta redonda,Engenharia mecânica,Bacharelado,Integral,88.0,932.0,2019,10.590909090909092
Volta redonda,Engenharia metalúrgica,Bacharelado,Integral,50.0,399.0,2019,7.98
Volta redonda,Física,Bacharelado,Integral,142.0,667.0,2019,4.697183098591549
Volta redonda,Matemática,Bacharelado,Integral,142.0,722.0,2019,5.084507042253521
Volta redonda,Psicologia,Bacharelado,Integral,80.0,2582.0,2019,32.275
Volta redonda,Química,Bacharelado,Integral,62.0,404.0,2019,6.516129032258065
Volta redonda,Química,Licenciatura,Integral,62.0,335.0,2019,5.403225806451613
Angra dos reis,Pedagogia,Licenciatura,Noturno,41.0,568.0,2020,13.853658536585366
Angra dos reis,Pedagogia,Licenciatura,Vespertino,41.0,316.0,2020,7.7073170731707314
Angra dos reis,Políticas públicas,Bacharelado,Noturno,40.0,405.0,2020,10.125
Angra dos reis,Geografia,Licenciatura,Vespertino,40.0,251.0,2020,6.275
Campos dos goytacazes,Serviço social,Bacharelado,Noturno,100.0,1611.0,2020,16.11
Campos dos goytacazes,Ciências sociais,Licenciatura,Noturno,70.0,577.0,2020,8.242857142857142
Campos dos goytacazes,Geografia,Bacharelado,Vespertino,62.0,465.0,2020,7.5
Campos dos goytacazes,Ciências econômicas,Bacharelado,Integral,120.0,992.0,2020,8.266666666666667
Campos dos goytacazes,Geografia,Licenciatura,Noturno,63.0,386.0,2020,6.126984126984127
Campos dos goytacazes,Ciências sociais,Bacharelado,Noturno,60.0,470.0,2020,7.833333333333333
Campos dos goytacazes,Psicologia,Bacharelado,Integral,110.0,3317.0,2020,30.154545454545456
Campos dos goytacazes,História,Licenciatura,Noturno,40.0,479.0,2020,11.975
Campos dos goytacazes,História,Bacharelado,Noturno,50.0,404.0,2020,8.08
Macaé,Administração,Bacharelado,Noturno,50.0,1817.0,2020,36.34
Macaé,Ciências contábeis,Bacharelado,Noturno,50.0,564.0,2020,11.28
Macaé,Direito,Bacharelado,Integral,100.0,2191.0,2020,21.91
Niterói,Arquivologia,Bacharelado,Integral,80.0,1075.0,2020,13.4375
Niterói,Biblioteconomia e documentação,Bacharelado,Integral,80.0,1084.0,2020,13.55
Niterói,Ciências sociais,Licenciatura,Noturno,30.0,310.0,2020,10.333333333333334
Niterói,Ciências sociais,Licenciatura,Vespertino,30.0,224.0,2020,7.466666666666667
Niterói,Física,Licenciatura,Integral,50.0,164.0,2020,3.28
Niterói,Física,Licenciatura,Noturno,60.0,271.0,2020,4.516666666666667
Niterói,Geografia,Licenciatura,Matutino,25.0,353.0,2020,14.12
Niterói,Geografia,Licenciatura,Noturno,25.0,188.0,2020,7.52
Niterói,Pedagogia,Licenciatura,Integral,160.0,2883.0,2020,18.01875
Niterói,Serviço social,Bacharelado,Noturno,110.0,855.0,2020,7.7727272727272725
Niterói,Serviço social,Bacharelado,Vespertino,55.0,356.0,2020,6.472727272727273
Niterói,Medicina,Bacharelado,Integral,180.0,11396.0,2020,63.31111111111111
Niterói,Odontologia,Bacharelado,Integral,90.0,3252.0,2020,36.13333333333333
Niterói,Nutrição,Bacharelado,Integral,81.0,2484.0,2020,30.666666666666668
Niterói,Farmácia,Bacharelado,Integral,144.0,1500.0,2020,10.416666666666666
Niterói,Ciências econômicas,Bacharelado,Matutino,100.0,910.0,2020,9.1
Niterói,Ciências econômicas,Bacharelado,Noturno,100.0,1087.0,2020,10.87
Niterói,Direito,Bacharelado,Integral,110.0,2565.0,2020,23.318181818181817
Niterói,Direito,Bacharelado,Noturno,110.0,3034.0,2020,27.581818181818182
Niterói,Química,Licenciatura,Integral,20.0,106.0,2020,5.3
Niterói,Química,Licenciatura,Noturno,30.0,223.0,2020,7.433333333333334
Niterói,Administração,Bacharelado,Noturno,80.0,2176.0,2020,27.2
Niterói,Matemática,Licenciatura,Matutino,50.0,379.0,2020,7.58
Niterói,Matemática,Licenciatura,Noturno,70.0,642.0,2020,9.17142857142857
Niterói,Medicina veterinária,Bacharelado,Integral,120.0,4532.0,2020,37.766666666666666
Niterói,História,Licenciatura,Matutino,94.0,1150.0,2020,12.23404255319149
Niterói,História,Licenciatura,Noturno,94.0,1208.0,2020,12.851063829787234
Niterói,Enfermagem,Bacharelado,Integral,114.0,3565.0,2020,31.271929824561404
Niterói,Química industrial,Bacharelado,Integral,40.0,257.0,2020,6.425
Niterói,Ciência da computação,Bacharelado,Integral,140.0,1971.0,2020,14.07857142857143
Niterói,Ciências contábeis,Bacharelado,Noturno,90.0,1316.0,2020,14.622222222222222
Niterói,Engenharia química,Bacharelado,Integral,100.0,584.0,2020,5.84
Niterói,Engenharia civil,Bacharelado,Integral,90.0,1135.0,2020,12.61111111111111
Niterói,Engenharia elétrica,Bacharelado,Integral,90.0,757.0,2020,8.411111111111111
Niterói,Engenharia mecânica,Bacharelado,Integral,90.0,793.0,2020,8.811111111111112
Niterói,Engenharia de telecomunicações,Bacharelado,Integral,90.0,610.0,2020,6.777777777777778
Niterói,Engenharia de produção,Bacharelado,Integral,90.0,785.0,2020,8.722222222222221
Niterói,Engenharia agrícola e ambiental,Bacharelado,Integral,100.0,759.0,2020,7.59
Niterói,Produção cultural,Bacharelado,Integral,72.0,878.0,2020,12.194444444444445
Niterói,Letras - inglês,Licenciatura,Noturno,35.0,509.0,2020,14.542857142857143
Niterói,Letras - português,Licenciatura,Integral,40.0,237.0,2020,5.925
Niterói,Letras - português,Licenciatura,Noturno,40.0,507.0,2020,12.675
Niterói,Letras - italiano,Licenciatura,Noturno,14.0,101.0,2020,7.214285714285714
Niterói,Letras - latim,Licenciatura,Integral,25.0,161.0,2020,6.44
Niterói,Comunicação social - publicidade e propaganda,Bacharelado,Integral,52.0,2495.0,2020,47.98076923076923
Niterói,Letras - alemão,Licenciatura,Integral,14.0,69.0,2020,4.928571428571429
Niterói,Letras - grego,Licenciatura,Integral,18.0,160.0,2020,8.88888888888889
Niterói,Letras - espanhol,Licenciatura,Noturno,35.0,219.0,2020,6.257142857142857
Niterói,Letras - francês,Licenciatura,Integral,25.0,116.0,2020,4.64
Niterói,Ciências biológicas,Licenciatura,Integral,40.0,439.0,2020,10.975
Niterói,Turismo,Bacharelado,Integral,90.0,1026.0,2020,11.4
Niterói,Biomedicina,Bacharelado,Integral,62.0,2740.0,2020,44.193548387096776
Niterói,Geofisica,Bacharelado,Integral,42.0,306.0,2020,7.285714285714286
Niterói,Estudos de mídia,Bacharelado,Integral,60.0,859.0,2020,14.316666666666666
Niterói,Engenharia de petróleo,Bacharelado,Integral,45.0,206.0,2020,4.5777777777777775
Niterói,Estatística,Bacharelado,Integral,86.0,473.0,2020,5.5
Niterói,Educação física,Licenciatura,Integral,64.0,2059.0,2020,32.171875
Niterói,Engenharia de recursos hídricos e do meio ambiente,Bacharelado,Integral,100.0,608.0,2020,6.08
Niterói,Filosofia,Licenciatura,Matutino,56.0,578.0,2020,10.321428571428571
Niterói,Cinema e audiovisual,Bacharelado,Integral,72.0,2269.0,2020,31.51388888888889
Niterói,Relações internacionais,Bacharelado,Matutino,110.0,2337.0,2020,21.245454545454546
Niterói,Ciências sociais,Bacharelado,Noturno,30.0,373.0,2020,12.433333333333334
Niterói,Ciências sociais,Bacharelado,Vespertino,30.0,247.0,2020,8.233333333333333
Niterói,Física,Bacharelado,Integral,50.0,212.0,2020,4.24
Niterói,Geografia,Bacharelado,Matutino,25.0,359.0,2020,14.36
Niterói,Geografia,Bacharelado,Noturno,25.0,201.0,2020,8.04
Niterói,Química,Bacharelado,Integral,30.0,244.0,2020,8.133333333333333
Niterói,Matemática,Bacharelado,Matutino,40.0,259.0,2020,6.475
Niterói,Psicologia,Bacharelado,Integral,90.0,4734.0,2020,52.6
Niterói,História,Bacharelado,Matutino,10.0,146.0,2020,14.6
Niterói,História,Bacharelado,Noturno,10.0,168.0,2020,16.8
Niterói,Letras - italiano,Bacharelado,Noturno,6.0,39.0,2020,6.5
Niterói,Letras - alemão,Bacharelado,Integral,6.0,19.0,2020,3.1666666666666665
Niterói,Letras - grego,Bacharelado,Integral,7.0,68.0,2020,9.714285714285714
Niterói,Letras - francês,Bacharelado,Integral,10.0,64.0,2020,6.4
Niterói,Ciências biológicas,Bacharelado,Integral,80.0,1466.0,2020,18.325
Niterói,Filosofia,Bacharelado,Matutino,56.0,502.0,2020,8.964285714285714
Niterói,Sistemas de informação,Bacharelado,Noturno,122.0,1343.0,2020,11.008196721311476
Niterói,Ciências atuariais,Bacharelado,Noturno,80.0,556.0,2020,6.95
Niterói,Hotelaria,Tecnológico,Integral,50.0,447.0,2020,8.94
Niterói,Desenho industrial,Bacharelado,Integral,100.0,982.0,2020,9.82
Niterói,Antropologia,Bacharelado,Integral,62.0,744.0,2020,12.0
Niterói,Sociologia,Bacharelado,Noturno,56.0,328.0,2020,5.857142857142857
Niterói,Sociologia,Bacharelado,Vespertino,56.0,571.0,2020,10.196428571428571
Niterói,Segurança pública,Bacharelado,Noturno,120.0,1653.0,2020,13.775
Niterói,Artes,Bacharelado,Integral,40.0,846.0,2020,21.15
Niterói,Cinema e audiovisual,Licenciatura,Noturno,22.0,429.0,2020,19.5
Niterói,Processos gerenciais,Tecnológico,Noturno,100.0,1136.0,2020,11.36
Niterói,Jornalismo,Bacharelado,Integral,52.0,1553.0,2020,29.865384615384617
Niterói,Administração pública,Bacharelado,Integral,50.0,468.0,2020,9.36
Niterói,Ciência ambiental,Bacharelado,Integral,40.0,517.0,2020,12.925
Nova friburgo,Odontologia,Bacharelado,Integral,80.0,1886.0,2020,23.575
Nova friburgo,Biomedicina,Bacharelado,Integral,30.0,710.0,2020,23.666666666666668
Nova friburgo,Fonoaudiologia,Bacharelado,Integral,35.0,672.0,2020,19.2
Petrópolis,Engenharia de produção,Bacharelado,Integral,100.0,395.0,2020,3.95
Rio das ostras,Ciência da computação,Bacharelado,Integral,70.0,742.0,2020,10.6
Rio das ostras,Serviço social,Bacharelado,Noturno,70.0,1060.0,2020,15.142857142857142
Rio das ostras,Enfermagem,Bacharelado,Integral,60.0,1597.0,2020,26.616666666666667
Rio das ostras,Engenharia de produção,Bacharelado,Integral,70.0,466.0,2020,6.6571428571428575
Rio das ostras,Produção cultural,Bacharelado,Integral,70.0,604.0,2020,8.628571428571428
Rio das ostras,Psicologia,Bacharelado,Integral,40.0,1401.0,2020,35.025
Santo antônio de pádua,Matemática,Licenciatura,Noturno,40.0,163.0,2020,4.075
Santo antônio de pádua,Pedagogia,Licenciatura,Noturno,50.0,487.0,2020,9.74
Santo antônio de pádua,Física,Licenciatura,Noturno,50.0,74.0,2020,1.48
Santo antônio de pádua,Ciências naturais,Licenciatura,Noturno,50.0,278.0,2020,5.56
Santo antônio de pádua,Computação,Licenciatura,Integral,50.0,334.0,2020,6.68
Santo antônio de pádua,Interdisciplinar em educação no campo,Licenciatura,Integral,60.0,109.0,2020,1.8166666666666667
Santo antônio de pádua,Matemática,Bacharelado,Noturno,50.0,203.0,2020,4.06
Volta redonda,Engenharia metalúrgica,Bacharelado,Integral,48.0,289.0,2020,6.020833333333333
Volta redonda,Engenharia mecânica,Bacharelado,Integral,80.0,617.0,2020,7.7125
Volta redonda,Engenharia de produção,Bacharelado,Integral,80.0,632.0,2020,7.9
Volta redonda,Engenharia de agronegócios,Bacharelado,Integral,80.0,431.0,2020,5.3875
Volta redonda,Administração,Bacharelado,Noturno,120.0,1441.0,2020,12.008333333333333
Volta redonda,Química,Bacharelado,Integral,62.0,316.0,2020,5.096774193548387
Volta redonda,Química,Licenciatura,Integral,62.0,306.0,2020,4.935483870967742
Volta redonda,Ciências contábeis,Bacharelado,Matutino,40.0,223.0,2020,5.575
Volta redonda,Ciências contábeis,Bacharelado,Noturno,80.0,786.0,2020,9.825
Volta redonda,Direito,Bacharelado,Integral,80.0,1793.0,2020,22.4125
Volta redonda,Matemática,Bacharelado,Integral,80.0,345.0,2020,4.3125
Volta redonda,Administração pública,Bacharelado,Integral,42.0,580.0,2020,13.80952380952381
Volta redonda,Física,Bacharelado,Integral,80.0,332.0,2020,4.15
Volta redonda,Engenharia de materiais,Bacharelado,Integral,40.0,245.0,2020,6.125
Volta redonda,Psicologia,Bacharelado,Integral,40.0,1445.0,2020,36.125
Angra dos reis,Geografia,Licenciatura,Noturno,40.0,116.0,2021,2.9
Angra dos reis,Pedagogia,Licenciatura,Noturno,41.0,328.0,2021,8.0
Angra dos reis,Pedagogia,Licenciatura,Vespertino,41.0,213.0,2021,5.195121951219512
Angra dos reis,Políticas públicas,Bacharelado,Noturno,40.0,256.0,2021,6.4
Campos dos goytacazes,Ciências econômicas,Bacharelado,Integral,120.0,636.0,2021,5.3
Campos dos goytacazes,Ciências sociais,Bacharelado,Noturno,60.0,250.0,2021,4.166666666666667
Campos dos goytacazes,Ciências sociais,Licenciatura,Noturno,70.0,309.0,2021,4.414285714285715
Campos dos goytacazes,Geografia,Bacharelado,Vespertino,62.0,262.0,2021,4.225806451612903
Campos dos goytacazes,Geografia,Licenciatura,Noturno,63.0,196.0,2021,3.111111111111111
Campos dos goytacazes,História,Licenciatura,Noturno,40.0,232.0,2021,5.8
Campos dos goytacazes,História,Bacharelado,Noturno,80.0,376.0,2021,4.7
Campos dos goytacazes,Psicologia,Bacharelado,Integral,110.0,2654.0,2021,24.12727272727273
Campos dos goytacazes,Serviço social,Bacharelado,Noturno,100.0,1058.0,2021,10.58
Macaé,Administração,Bacharelado,Noturno,50.0,1101.0,2021,22.02
Macaé,Ciências contábeis,Bacharelado,Noturno,50.0,294.0,2021,5.88
Macaé,Direito,Bacharelado,Integral,100.0,1568.0,2021,15.68
Niterói,Administração,Bacharelado,Noturno,80.0,1242.0,2021,15.525
Niterói,Administração pública,Bacharelado,Integral,50.0,376.0,2021,7.52
Niterói,Antropologia,Bacharelado,Integral,62.0,545.0,2021,8.790322580645162
Niterói,Arquivologia,Bacharelado,Integral,80.0,669.0,2021,8.3625
Niterói,Artes,Bacharelado,Integral,40.0,560.0,2021,14.0
Niterói,Biblioteconomia e documentação,Bacharelado,Integral,80.0,654.0,2021,8.175
Niterói,Biomedicina,Bacharelado,Integral,62.0,2442.0,2021,39.38709677419355
Niterói,Ciência ambiental,Bacharelado,Integral,40.0,406.0,2021,10.15
Niterói,Ciência da computação,Bacharelado,Integral,140.0,1743.0,2021,12.45
Niterói,Ciências atuariais,Bacharelado,Noturno,80.0,443.0,2021,5.5375
Niterói,Ciências biológicas,Bacharelado,Integral,80.0,1057.0,2021,13.2125
Niterói,Ciências biológicas,Licenciatura,Integral,40.0,358.0,2021,8.95
Niterói,Ciências contábeis,Bacharelado,Noturno,90.0,846.0,2021,9.4
Niterói,Ciências econômicas,Bacharelado,Matutino,100.0,770.0,2021,7.7
Niterói,Ciências econômicas,Bacharelado,Noturno,100.0,819.0,2021,8.19
Niterói,Ciências sociais,Licenciatura,Noturno,30.0,271.0,2021,9.033333333333333
Niterói,Ciências sociais,Bacharelado,Noturno,30.0,266.0,2021,8.866666666666667
Niterói,Ciências sociais,Licenciatura,Vespertino,30.0,150.0,2021,5.0
Niterói,Ciências sociais,Bacharelado,Vespertino,30.0,174.0,2021,5.8
Niterói,Cinema e audiovisual,Bacharelado,Integral,72.0,1783.0,2021,24.76388888888889
Niterói,Cinema e audiovisual,Licenciatura,Noturno,22.0,284.0,2021,12.909090909090908
Niterói,Comunicação social - publicidade e propaganda,Bacharelado,Integral,52.0,1728.0,2021,33.23076923076923
Niterói,Desenho industrial,Bacharelado,Integral,100.0,669.0,2021,6.69
Niterói,Direito,Bacharelado,Integral,110.0,2162.0,2021,19.654545454545456
Niterói,Direito,Bacharelado,Noturno,110.0,2710.0,2021,24.636363636363637
Niterói,Educação física,Licenciatura,Integral,64.0,1395.0,2021,21.796875
Niterói,Enfermagem,Bacharelado,Integral,114.0,2894.0,2021,25.385964912280702
Niterói,Engenharia agrícola e ambiental,Bacharelado,Integral,100.0,520.0,2021,5.2
Niterói,Engenharia civil,Bacharelado,Integral,90.0,971.0,2021,10.78888888888889
Niterói,Engenharia de petróleo,Bacharelado,Integral,45.0,173.0,2021,3.8444444444444446
Niterói,Engenharia de produção,Bacharelado,Integral,90.0,609.0,2021,6.766666666666667
Niterói,Engenharia de recursos hídricos e do meio ambiente,Bacharelado,Integral,100.0,491.0,2021,4.91
Niterói,Engenharia de telecomunicações,Bacharelado,Integral,90.0,483.0,2021,5.366666666666666
Niterói,Engenharia elétrica,Bacharelado,Integral,90.0,559.0,2021,6.211111111111111
Niterói,Engenharia mecânica,Bacharelado,Integral,90.0,551.0,2021,6.122222222222222
Niterói,Engenharia química,Bacharelado,Integral,100.0,425.0,2021,4.25
Niterói,Estatística,Bacharelado,Integral,86.0,364.0,2021,4.232558139534884
Niterói,Estudos de mídia,Bacharelado,Integral,60.0,684.0,2021,11.4
Niterói,Farmácia,Bacharelado,Integral,144.0,1059.0,2021,7.354166666666667
Niterói,Filosofia,Licenciatura,Matutino,56.0,369.0,2021,6.589285714285714
Niterói,Filosofia,Bacharelado,Matutino,56.0,322.0,2021,5.75
Niterói,Física,Licenciatura,Integral,50.0,102.0,2021,2.04
Niterói,Física,Licenciatura,Noturno,60.0,170.0,2021,2.8333333333333335
Niterói,Física,Bacharelado,Integral,50.0,148.0,2021,2.96
Niterói,Geofisica,Bacharelado,Integral,42.0,220.0,2021,5.238095238095238
Niterói,Geografia,Licenciatura,Matutino,25.0,186.0,2021,7.44
Niterói,Geografia,Bacharelado,Matutino,25.0,220.0,2021,8.8
Niterói,Geografia,Licenciatura,Noturno,25.0,154.0,2021,6.16
Niterói,Geografia,Bacharelado,Noturno,25.0,131.0,2021,5.24
Niterói,História,Licenciatura,Matutino,94.0,781.0,2021,8.308510638297872
Niterói,História,Licenciatura,Noturno,94.0,741.0,2021,7.882978723404255
Niterói,História,Bacharelado,Matutino,10.0,100.0,2021,10.0
Niterói,História,Bacharelado,Noturno,10.0,84.0,2021,8.4
Niterói,Hotelaria,Tecnológico,Integral,50.0,287.0,2021,5.74
Niterói,Jornalismo,Bacharelado,Integral,52.0,1229.0,2021,23.634615384615383
Niterói,Letras - alemão,Licenciatura,Integral,14.0,51.0,2021,3.642857142857143
Niterói,Letras - alemão,Bacharelado,Integral,6.0,18.0,2021,3.0
Niterói,Letras - espanhol,Licenciatura,Noturno,35.0,120.0,2021,3.4285714285714284
Niterói,Letras - francês,Bacharelado,Integral,10.0,32.0,2021,3.2
Niterói,Letras - francês,Licenciatura,Integral,25.0,71.0,2021,2.84
Niterói,Letras - grego,Licenciatura,Integral,18.0,63.0,2021,3.5
Niterói,Letras - grego,Bacharelado,Integral,7.0,32.0,2021,4.571428571428571
Niterói,Letras - inglês,Licenciatura,Noturno,35.0,295.0,2021,8.428571428571429
Niterói,Letras - italiano,Licenciatura,Noturno,14.0,51.0,2021,3.642857142857143
Niterói,Letras - latim,Licenciatura,Integral,25.0,102.0,2021,4.08
Niterói,Letras - português,Licenciatura,Noturno,40.0,277.0,2021,6.925
Niterói,Letras - português,Licenciatura,Integral,40.0,168.0,2021,4.2
Niterói,Matemática,Licenciatura,Matutino,50.0,249.0,2021,4.98
Niterói,Matemática,Licenciatura,Noturno,70.0,364.0,2021,5.2
Niterói,Matemática,Bacharelado,Matutino,40.0,181.0,2021,4.525
Niterói,Medicina,Bacharelado,Integral,180.0,9752.0,2021,54.17777777777778
Niterói,Medicina veterinária,Bacharelado,Integral,120.0,3837.0,2021,31.975
Niterói,Nutrição,Bacharelado,Integral,81.0,1770.0,2021,21.85185185185185
Niterói,Odontologia,Bacharelado,Integral,90.0,3054.0,2021,33.93333333333333
Niterói,Pedagogia,Licenciatura,Integral,160.0,1730.0,2021,10.8125
Niterói,Processos gerenciais,Tecnológico,Noturno,100.0,852.0,2021,8.52
Niterói,Produção cultural,Bacharelado,Integral,72.0,529.0,2021,7.347222222222222
Niterói,Psicologia,Bacharelado,Integral,90.0,3903.0,2021,43.36666666666667
Niterói,Química,Licenciatura,Integral,20.0,84.0,2021,4.2
Niterói,Química,Licenciatura,Noturno,30.0,188.0,2021,6.266666666666667
Niterói,Química,Bacharelado,Integral,30.0,234.0,2021,7.8
Niterói,Química industrial,Bacharelado,Integral,40.0,193.0,2021,4.825
Niterói,Relações internacionais,Bacharelado,Matutino,110.0,1729.0,2021,15.718181818181819
Niterói,Segurança pública,Bacharelado,Noturno,120.0,1197.0,2021,9.975
Niterói,Serviço social,Bacharelado,Noturno,110.0,460.0,2021,4.181818181818182
Niterói,Serviço social,Bacharelado,Vespertino,51.0,189.0,2021,3.7058823529411766
Niterói,Sistemas de informação,Bacharelado,Noturno,122.0,1135.0,2021,9.30327868852459
Niterói,Sociologia,Bacharelado,Vespertino,56.0,294.0,2021,5.25
Niterói,Sociologia,Bacharelado,Noturno,56.0,212.0,2021,3.7857142857142856
Niterói,Turismo,Bacharelado,Integral,90.0,584.0,2021,6.488888888888889
Nova friburgo,Biomedicina,Bacharelado,Integral,30.0,567.0,2021,18.9
Nova friburgo,Fonoaudiologia,Bacharelado,Integral,35.0,425.0,2021,12.142857142857142
Nova friburgo,Odontologia,Bacharelado,Integral,80.0,1617.0,2021,20.2125
Petrópolis,Engenharia de produção,Bacharelado,Integral,100.0,304.0,2021,3.04
Rio das ostras,Ciência da computação,Bacharelado,Integral,70.0,549.0,2021,7.8428571428571425
Rio das ostras,Enfermagem,Bacharelado,Integral,60.0,1410.0,2021,23.5
Rio das ostras,Engenharia de produção,Bacharelado,Integral,70.0,280.0,2021,4.0
Rio das ostras,Produção cultural,Bacharelado,Integral,70.0,341.0,2021,4.871428571428571
Rio das ostras,Psicologia,Bacharelado,Integral,40.0,1021.0,2021,25.525
Rio das ostras,Serviço social,Bacharelado,Noturno,70.0,757.0,2021,10.814285714285715
Santo antônio de pádua,Ciências naturais,Licenciatura,Noturno,50.0,169.0,2021,3.38
Santo antônio de pádua,Computação,Licenciatura,Integral,50.0,229.0,2021,4.58
Santo antônio de pádua,Física,Licenciatura,Noturno,50.0,25.0,2021,0.5
Santo antônio de pádua,Interdisciplinar em educação no campo,Licenciatura,Integral,60.0,39.0,2021,0.65
Santo antônio de pádua,Matemática,Licenciatura,Noturno,40.0,111.0,2021,2.775
Santo antônio de pádua,Matemática,Bacharelado,Noturno,50.0,126.0,2021,2.52
Santo antônio de pádua,Pedagogia,Licenciatura,Noturno,50.0,280.0,2021,5.6
Volta redonda,Administração,Bacharelado,Noturno,120.0,392.0,2021,3.2666666666666666
Volta redonda,Administração pública,Bacharelado,Integral,42.0,473.0,2021,11.261904761904763
Volta redonda,Ciências contábeis,Bacharelado,Noturno,80.0,514.0,2021,6.425
Volta redonda,Ciências contábeis,Bacharelado,Matutino,40.0,167.0,2021,4.175
Volta redonda,Direito,Bacharelado,Integral,80.0,1340.0,2021,16.75
Volta redonda,Engenharia de agronegócios,Bacharelado,Integral,80.0,252.0,2021,3.15
Volta redonda,Engenharia de materiais,Bacharelado,Integral,40.0,156.0,2021,3.9
Volta redonda,Engenharia de produção,Bacharelado,Integral,80.0,480.0,2021,6.0
Volta redonda,Engenharia mecânica,Bacharelado,Integral,80.0,484.0,2021,6.05
Volta redonda,Engenharia metalúrgica,Bacharelado,Integral,48.0,243.0,2021,5.0625
Volta redonda,Física,Bacharelado,Integral,80.0,206.0,2021,2.575
Volta redonda,Matemática,Bacharelado,Integral,80.0,266.0,2021,3.325
Volta redonda,Psicologia,Bacharelado,Integral,40.0,1033.0,2021,25.825
Volta redonda,Química,Bacharelado,Integral,62.0,231.0,2021,3.725806451612903
Volta redonda,Química,Licenciatura,Integral,62.0,189.0,2021,3.0483870967741935
Angra dos reis,Geografia,Licenciatura,Vespertino,40.0,132.0,2022,3.3
Angra dos reis,Geografia,Licenciatura,Noturno,40.0,82.0,2022,2.05
Angra dos reis,Pedagogia,Licenciatura,Noturno,41.0,222.0,2022,5.414634146341464
Angra dos reis,Pedagogia,Licenciatura,Vespertino,41.0,145.0,2022,3.5365853658536586
Angra dos reis,Políticas públicas,Bacharelado,Noturno,40.0,181.0,2022,4.525
Campos dos goytacazes,Ciências econômicas,Bacharelado,Integral,120.0,492.0,2022,4.1
Campos dos goytacazes,Ciências sociais,Bacharelado,Noturno,60.0,225.0,2022,3.75
Campos dos goytacazes,Ciências sociais,Licenciatura,Noturno,70.0,248.0,2022,3.5428571428571427
Campos dos goytacazes,Geografia,Bacharelado,Vespertino,62.0,207.0,2022,3.338709677419355
Campos dos goytacazes,Geografia,Licenciatura,Noturno,63.0,148.0,2022,2.3492063492063493
Campos dos goytacazes,História,Licenciatura,Noturno,40.0,204.0,2022,5.1
Campos dos goytacazes,História,Bacharelado,Noturno,80.0,335.0,2022,4.1875
Campos dos goytacazes,Psicologia,Bacharelado,Integral,110.0,2096.0,2022,19.054545454545455
Campos dos goytacazes,Serviço social,Bacharelado,Noturno,100.0,800.0,2022,8.0
Macaé,Administração,Bacharelado,Noturno,50.0,833.0,2022,16.66
Macaé,Ciências contábeis,Bacharelado,Noturno,50.0,254.0,2022,5.08
Macaé,Direito,Bacharelado,Integral,100.0,1437.0,2022,14.37
Niterói,Administração,Bacharelado,Noturno,80.0,1167.0,2022,14.5875
Niterói,Administração pública,Bacharelado,Integral,50.0,280.0,2022,5.6
Niterói,Antropologia,Bacharelado,Integral,62.0,315.0,2022,5.080645161290323
Niterói,Arquivologia,Bacharelado,Integral,80.0,538.0,2022,6.725
Niterói,Artes,Bacharelado,Integral,40.0,625.0,2022,15.625
Niterói,Biblioteconomia e documentação,Bacharelado,Integral,80.0,536.0,2022,6.7
Niterói,Biomedicina,Bacharelado,Integral,62.0,2599.0,2022,41.91935483870968
Niterói,Ciência ambiental,Bacharelado,Integral,40.0,300.0,2022,7.5
Niterói,Ciência da computação,Bacharelado,Integral,140.0,1995.0,2022,14.25
Niterói,Ciências atuariais,Bacharelado,Noturno,80.0,393.0,2022,4.9125
Niterói,Ciências biológicas,Bacharelado,Integral,80.0,915.0,2022,11.4375
Niterói,Ciências biológicas,Licenciatura,Integral,40.0,315.0,2022,7.875
Niterói,Ciências contábeis,Bacharelado,Noturno,90.0,758.0,2022,8.422222222222222
Niterói,Ciências econômicas,Bacharelado,Matutino,100.0,734.0,2022,7.34
Niterói,Ciências econômicas,Bacharelado,Noturno,100.0,686.0,2022,6.86
Niterói,Ciências sociais,Licenciatura,Noturno,30.0,200.0,2022,6.666666666666667
Niterói,Ciências sociais,Bacharelado,Noturno,30.0,197.0,2022,6.566666666666666
Niterói,Ciências sociais,Licenciatura,Vespertino,30.0,138.0,2022,4.6
Niterói,Ciências sociais,Bacharelado,Vespertino,30.0,154.0,2022,5.133333333333334
Niterói,Cinema e audiovisual,Bacharelado,Integral,72.0,1823.0,2022,25.319444444444443
Niterói,Cinema e audiovisual,Licenciatura,Noturno,22.0,264.0,2022,12.0
Niterói,Comunicação social - publicidade e propaganda,Bacharelado,Integral,52.0,1572.0,2022,30.23076923076923
Niterói,Desenho industrial,Bacharelado,Integral,100.0,595.0,2022,5.95
Niterói,Direito,Bacharelado,Integral,110.0,1924.0,2022,17.490909090909092
Niterói,Direito,Bacharelado,Noturno,110.0,2477.0,2022,22.51818181818182
Niterói,Educação física,Licenciatura,Integral,64.0,1034.0,2022,16.15625
Niterói,Enfermagem,Bacharelado,Integral,114.0,2632.0,2022,23.087719298245613
Niterói,Engenharia agrícola e ambiental,Bacharelado,Integral,100.0,322.0,2022,3.22
Niterói,Engenharia civil,Bacharelado,Integral,90.0,795.0,2022,8.833333333333334
Niterói,Engenharia de petróleo,Bacharelado,Integral,45.0,202.0,2022,4.488888888888889
Niterói,Engenharia de produção,Bacharelado,Integral,90.0,573.0,2022,6.366666666666666
Niterói,Engenharia de recursos hídricos e do meio ambiente,Bacharelado,Integral,100.0,499.0,2022,4.99
Niterói,Engenharia de telecomunicações,Bacharelado,Integral,90.0,395.0,2022,4.388888888888889
Niterói,Engenharia elétrica,Bacharelado,Integral,90.0,545.0,2022,6.055555555555555
Niterói,Engenharia mecânica,Bacharelado,Integral,90.0,520.0,2022,5.777777777777778
Niterói,Engenharia química,Bacharelado,Integral,100.0,370.0,2022,3.7
Niterói,Estatística,Bacharelado,Integral,86.0,281.0,2022,3.2674418604651163
Niterói,Estudos de mídia,Bacharelado,Integral,60.0,588.0,2022,9.8
Niterói,Farmácia,Bacharelado,Integral,144.0,940.0,2022,6.527777777777778
Niterói,Filosofia,Licenciatura,Matutino,56.0,336.0,2022,6.0
Niterói,Filosofia,Bacharelado,Matutino,56.0,257.0,2022,4.589285714285714
Niterói,Física,Licenciatura,Integral,50.0,78.0,2022,1.56
Niterói,Física,Licenciatura,Noturno,60.0,137.0,2022,2.283333333333333
Niterói,Física,Bacharelado,Integral,50.0,122.0,2022,2.44
Niterói,Geofisica,Bacharelado,Integral,42.0,189.0,2022,4.5
Niterói,Geografia,Licenciatura,Matutino,25.0,173.0,2022,6.92
Niterói,Geografia,Bacharelado,Matutino,25.0,146.0,2022,5.84
Niterói,Geografia,Licenciatura,Noturno,25.0,134.0,2022,5.36
Niterói,Geografia,Bacharelado,Noturno,25.0,107.0,2022,4.28
Niterói,História,Licenciatura,Matutino,94.0,751.0,2022,7.98936170212766
Niterói,História,Licenciatura,Noturno,94.0,705.0,2022,7.5
Niterói,História,Bacharelado,Matutino,10.0,76.0,2022,7.6
Niterói,História,Bacharelado,Noturno,10.0,78.0,2022,7.8
Niterói,Hotelaria,Tecnológico,Integral,50.0,188.0,2022,3.76
Niterói,Jornalismo,Bacharelado,Integral,52.0,1251.0,2022,24.057692307692307
Niterói,Letras - alemão,Licenciatura,Integral,14.0,56.0,2022,4.0
Niterói,Letras - espanhol,Licenciatura,Noturno,35.0,122.0,2022,3.4857142857142858
Niterói,Letras - francês,Bacharelado,Integral,10.0,33.0,2022,3.3
Niterói,Letras - francês,Licenciatura,Integral,25.0,57.0,2022,2.28
Niterói,Letras - grego,Licenciatura,Integral,18.0,64.0,2022,3.5555555555555554
Niterói,Letras - grego,Bacharelado,Integral,7.0,21.0,2022,3.0
Niterói,Letras - inglês,Licenciatura,Noturno,35.0,259.0,2022,7.4
Niterói,Letras - latim,Licenciatura,Integral,25.0,86.0,2022,3.44
Niterói,Letras - português,Licenciatura,Noturno,40.0,207.0,2022,5.175
Niterói,Letras - português,Licenciatura,Integral,40.0,124.0,2022,3.1
Niterói,Matemática,Licenciatura,Matutino,50.0,242.0,2022,4.84
Niterói,Matemática,Licenciatura,Noturno,70.0,322.0,2022,4.6
Niterói,Matemática,Bacharelado,Matutino,40.0,189.0,2022,4.725
Niterói,Medicina,Bacharelado,Integral,180.0,11734.0,2022,65.18888888888888
Niterói,Medicina veterinária,Bacharelado,Integral,120.0,3768.0,2022,31.4
Niterói,Nutrição,Bacharelado,Integral,81.0,1776.0,2022,21.925925925925927
Niterói,Odontologia,Bacharelado,Integral,90.0,2618.0,2022,29.08888888888889
Niterói,Pedagogia,Licenciatura,Integral,160.0,1577.0,2022,9.85625
Niterói,Processos gerenciais,Tecnológico,Noturno,100.0,620.0,2022,6.2
Niterói,Produção cultural,Bacharelado,Integral,72.0,458.0,2022,6.361111111111111
Niterói,Psicologia,Bacharelado,Integral,90.0,3610.0,2022,40.111111111111114
Niterói,Química,Licenciatura,Integral,20.0,71.0,2022,3.55
Niterói,Química,Licenciatura,Noturno,30.0,124.0,2022,4.133333333333334
Niterói,Química,Bacharelado,Integral,30.0,162.0,2022,5.4
Niterói,Química industrial,Bacharelado,Integral,40.0,200.0,2022,5.0
Niterói,Relações internacionais,Bacharelado,Matutino,110.0,1922.0,2022,17.472727272727273
Niterói,Segurança pública,Bacharelado,Noturno,120.0,832.0,2022,6.933333333333334
Niterói,Serviço social,Bacharelado,Noturno,110.0,501.0,2022,4.554545454545455
Niterói,Serviço social,Bacharelado,Vespertino,55.0,153.0,2022,2.7818181818181817
Niterói,Sistemas de informação,Bacharelado,Noturno,122.0,1073.0,2022,8.795081967213115
Niterói,Sociologia,Bacharelado,Vespertino,56.0,241.0,2022,4.303571428571429
Niterói,Sociologia,Bacharelado,Noturno,56.0,142.0,2022,2.5357142857142856
Niterói,Turismo,Bacharelado,Integral,90.0,413.0,2022,4.588888888888889
Nova friburgo,Biomedicina,Bacharelado,Integral,30.0,601.0,2022,20.033333333333335
Nova friburgo,Fonoaudiologia,Bacharelado,Integral,35.0,333.0,2022,9.514285714285714
Nova friburgo,Odontologia,Bacharelado,Integral,80.0,1292.0,2022,16.15
Petrópolis,Engenharia de produção,Bacharelado,Integral,100.0,190.0,2022,1.9
Rio das ostras,Ciência da computação,Bacharelado,Integral,70.0,612.0,2022,8.742857142857142
Rio das ostras,Enfermagem,Bacharelado,Integral,60.0,1106.0,2022,18.433333333333334
Rio das ostras,Engenharia de produção,Bacharelado,Integral,70.0,250.0,2022,3.5714285714285716
Rio das ostras,Produção cultural,Bacharelado,Integral,70.0,258.0,2022,3.6857142857142855
Rio das ostras,Psicologia,Bacharelado,Integral,80.0,1661.0,2022,20.7625
Rio das ostras,Serviço social,Bacharelado,Noturno,70.0,547.0,2022,7.814285714285714
Santo antônio de pádua,Ciências naturais,Licenciatura,Noturno,50.0,102.0,2022,2.04
Santo antônio de pádua,Computação,Licenciatura,Integral,50.0,145.0,2022,2.9
Santo antônio de pádua,Física,Licenciatura,Noturno,50.0,63.0,2022,1.26
Santo antônio de pádua,Interdisciplinar em educação no campo,Licenciatura,Integral,60.0,11.0,2022,0.18333333333333332
Santo antônio de pádua,Matemática,Licenciatura,Noturno,40.0,60.0,2022,1.5
Santo antônio de pádua,Matemática,Bacharelado,Noturno,50.0,51.0,2022,1.02
Santo antônio de pádua,Pedagogia,Licenciatura,Noturno,50.0,171.0,2022,3.42
Volta redonda,Administração,Bacharelado,Noturno,120.0,292.0,2022,2.433333333333333
Volta redonda,Administração pública,Bacharelado,Integral,42.0,340.0,2022,8.095238095238095
Volta redonda,Ciências contábeis,Bacharelado,Noturno,80.0,437.0,2022,5.4625
Volta redonda,Ciências contábeis,Bacharelado,Matutino,40.0,120.0,2022,3.0
Volta redonda,Direito,Bacharelado,Integral,80.0,1284.0,2022,16.05
Volta redonda,Engenharia de agronegócios,Bacharelado,Integral,80.0,232.0,2022,2.9
Volta redonda,Engenharia de materiais,Bacharelado,Integral,40.0,128.0,2022,3.2
Volta redonda,Engenharia de produção,Bacharelado,Integral,80.0,404.0,2022,5.05
Volta redonda,Engenharia mecânica,Bacharelado,Integral,80.0,385.0,2022,4.8125
Volta redonda,Engenharia metalúrgica,Bacharelado,Integral,48.0,169.0,2022,3.5208333333333335
Volta redonda,Física,Bacharelado,Integral,80.0,142.0,2022,1.775
Volta redonda,Matemática,Bacharelado,Integral,80.0,159.0,2022,1.9875
Volta redonda,Psicologia,Bacharelado,Integral,80.0,1569.0,2022,19.6125
Volta redonda,Química,Bacharelado,Integral,62.0,161.0,2022,2.596774193548387
Volta redonda,Química,Licenciatura,Integral,62.0,114.0,2022,1.8387096774193548
